<?xml version="1.0" encoding="UTF-8" ?>
<!DOCTYPE mapper
        PUBLIC "-//mybatis.org//DTD Mapper 3.0//EN"
        "https://mybatis.org/dtd/mybatis-3-mapper.dtd">
<mapper namespace="MenuMapper">

    <resultMap type="com.ohgiraffers.section01.xmlconfig.MenuDTO" id="menuResultMap">
        <id property="menuCode" column="MENU_CODE"/>
        <result property="menuName" column="MENU_NAME"/>
        <result property="menuPrice" column="MENU_PRICE"/>
        <result property="categoryCode" column="CATEGORY_CODE"/>
        <result property="orderableStatus" column="ORDERABLE_STATUS"/>
    </resultMap>

    <select id="selectAllMenus" resultMap="menuResultMap">
        SELECT
        MENU_CODE
        , MENU_NAME
        , MENU_PRICE
        , CATEGORY_CODE
        , ORDERABLE_STATUS
        FROM TBL_MENU
    </select>
</mapper>