<?xml version="1.0" encoding="UTF-8" ?>
<!DOCTYPE configuration
        PUBLIC "-//mybatis.org//DTD Config 3.0//EN"
        "https://mybatis.org/dtd/mybatis-3-config.dtd">
<configuration>
    <environments default="dev">
        <environment id="dev">
            <transactionManager type="JDBC"/>
            <dataSource type="POOLED">
                <property name="driver" value="com.mysql.cj.jdbc.Driver"/>
                <property name="url" value="jdbc:mysql://localhost:3306/menudb/"/>
                <property name="username" value="swcamp"/>
                <property name="password" value="swcamp"/>
            </dataSource>
        </environment>
    </environments>
    <mappers>
        <mapper resource="com/ohgiraffers/section01/xmlconfig.menu-mapper.xml"/>
    </mappers>
</configuration>